species,mu,alpha,R2
H3Mo,0.17679440093535156,-0.086237657729881,0.9692451063829168
H3MoOH,-0.23312261917766516,0.12516703461499284,0.9872878193966073
H2MoOH2,-0.15492953420305192,0.11883062256016545,0.9753600678838045
MoOOH3,-0.23138293833334467,0.1195630002342203,0.9877082631164407
